Renee Ellmersnew|2016-03-14|16611
Renee Ellmersnew|2016-03-15|19337
Renee Ellmersnew|2016-03-16|27760
Renee Ellmersnew|2016-03-17|37508
Renee Ellmersnew|2016-03-18|18170
Renee Ellmersnew|2016-03-19|25912
Renee Ellmersnew|2016-03-20|24871
Renee Ellmersnew|2016-03-21|22789
Renee Ellmersnew|2016-03-22|21143
Renee Ellmersnew|2016-03-23|22552
Renee Ellmersnew|2016-03-24|17236
Renee Ellmersnew|2016-03-25|4427
Renee Ellmersnew|2016-03-26|7763
Renee Ellmersnew|2016-03-27|6271
Renee Ellmersnew|2016-03-28|5971
