Norma Torresnew|2016-05-22|335107
Norma Torresnew|2016-05-23|757692
Norma Torresnew|2016-05-24|558636
Norma Torresnew|2016-05-25|497909
Norma Torresnew|2016-05-26|515064
Norma Torresnew|2016-05-27|701205
Norma Torresnew|2016-05-28|321208
Norma Torresnew|2016-05-29|328898
Norma Torresnew|2016-05-30|316713
Norma Torresnew|2016-05-31|1225755
Norma Torresnew|2016-06-01|602612
Norma Torresnew|2016-06-02|500835
Norma Torresnew|2016-06-03|517900
Norma Torresnew|2016-06-04|324783
Norma Torresnew|2016-06-05|336253
